<?xml version="1.0" encoding="UTF-8" standalone="yes"?>
<addon id="script.SteamLauncher" name="Steam" version="0.0.2" provider-name="teeedubb">
  <requires>
    <import addon="xbmc.python" version="2.0"/>
  </requires>
  <extension point="xbmc.python.script" library="default.py"> 
     <provides>executable</provides> 
  </extension> 
  <extension point="xbmc.addon.metadata">
    <summary lang="en">Launches Steam from within xbmc.</summary>
    <description lang="en">Launches Steam from within xbmc.</description>
    <platform>windx</platform>
    <language>en</language>
  </extension>
</addon>
