<?xml version="1.0" encoding="UTF-8" standalone="yes"?>
<addon id="script.steam.launcher" name="Steam" version="0.1.7" provider-name="teeedubb">
  <requires>
    <import addon="xbmc.python" version="2.0"/>
  </requires>
  <extension point="xbmc.python.script" library="default.py"> 
     <provides>executable</provides> 
  </extension> 
  <extension point="xbmc.addon.metadata">
    <summary lang="en">Launches Steam in Big Picture mode from within XBMC.</summary>
    <description lang="en">Launches Steam from within XBMC - It will close XBMC, launch Steam in Big Picture mode and when Steam is exited XBMC will restart. It works with Windows, Linux and quite possibly OSX, but this hasnt been tested.</description>
    <platform>linux windx osx</platform>
    <language>en</language>
  </extension>
</addon>
